{
   "abstract" : "An interpreter for the Chef programming language",
   "author" : [
      "Steffen Mueller <chef-module@steffen-mueller.net>"
   ],
   "dynamic_config" : 0,
   "generated_by" : "ExtUtils::MakeMaker version 6.66, CPAN::Meta::Converter version 2.133380",
   "license" : [
      "unknown"
   ],
   "meta-spec" : {
      "url" : "http://search.cpan.org/perldoc?CPAN::Meta::Spec",
      "version" : "2"
   },
   "name" : "Acme-Chef",
   "no_index" : {
      "directory" : [
         "t",
         "inc"
      ]
   },
   "prereqs" : {
      "build" : {
         "requires" : {
            "ExtUtils::MakeMaker" : "0"
         }
      },
      "configure" : {
         "requires" : {
            "ExtUtils::MakeMaker" : "0"
         }
      },
      "runtime" : {
         "requires" : {
            "File::Temp" : "0.12",
            "Test::More" : "0.44"
         }
      }
   },
   "release_status" : "stable",
   "version" : "0.05"
}
